<addon id="service.windowredirect"
       name="Window Redirect"
       version="1.0.0"
       provider-name="Bay Wolf Studios">
    <requires>
        <import addon="xbmc.python" version="3.0.0"/>
    </requires>
    <extension point="xbmc.service" library="service.py"/>
    <extension point="xbmc.addon.metadata">
        <summary lang="en">Dynamically redirects specific windows to other locations.</summary>
        <description lang="en">
            A utility service that automatically redirects you from one Kodi window to another. This is useful for
            creating custom navigation paths, such as redirecting the TV Recordings window to a Jellyfin
            or Emby server's recorded content.
            
            This add-on runs silently in the background and is configurable through its settings.
        </description>
        <platform>all</platform>
    </extension>
</addon>